{
  "version": 1,
  "author": "bsam alhamly",
  "editor": "wokwi",
  "parts": [
    { "type": "wokwi-arduino-uno", "id": "uno", "top": 0.6, "left": -0.6, "attrs": {} },
    {
      "type": "wokwi-dht22",
      "id": "dht1",
      "top": -191.7,
      "left": -34.2,
      "attrs": { "temperature": "41.5", "humidity": "67" }
    },
    { "type": "wokwi-servo", "id": "servo1", "top": -203.6, "left": 76.8, "attrs": {} },
    {
      "type": "wokwi-resistor",
      "id": "r1",
      "top": -24.85,
      "left": 451.2,
      "attrs": { "value": "330" }
    },
    { "type": "wokwi-led", "id": "led1", "top": -90, "left": 455, "attrs": { "color": "red" } },
    { "type": "wokwi-potentiometer", "id": "pot1", "top": -183.7, "left": 316.6, "attrs": {} },
    { "type": "wokwi-led", "id": "led2", "top": -90, "left": 378.2, "attrs": { "color": "cyan" } },
    {
      "type": "wokwi-resistor",
      "id": "r2",
      "top": -24.85,
      "left": 364.8,
      "attrs": { "value": "330" }
    }
  ],
  "connections": [
    [ "dht1:VCC", "uno:5V", "black", [ "v0" ] ],
    [ "dht1:GND", "uno:GND.1", "black", [ "v0" ] ],
    [ "dht1:SDA", "uno:2", "gold", [ "v0" ] ],
    [ "servo1:V+", "uno:5V", "red", [ "h0" ] ],
    [ "servo1:GND", "uno:GND.2", "#8f4814", [ "h0" ] ],
    [ "servo1:PWM", "uno:9", "green", [ "h0" ] ],
    [ "led1:C", "r1:2", "red", [ "v0" ] ],
    [ "led1:A", "uno:GND.3", "red", [ "v0" ] ],
    [ "led2:C", "r2:1", "cyan", [ "v0" ] ],
    [ "r1:1", "uno:10", "red", [ "v0" ] ],
    [ "r2:2", "uno:11", "cyan", [ "v0" ] ],
    [ "led2:A", "uno:GND.3", "cyan", [ "v0" ] ],
    [ "pot1:GND", "uno:GND.1", "blue", [ "v0" ] ],
    [ "pot1:VCC", "uno:5V", "blue", [ "v0" ] ],
    [ "pot1:SIG", "uno:A0", "green", [ "v0" ] ]
  ],
  "dependencies": {}
}